Status,Company,Role,Location,Source,Attendance,Application,Type,Phone call,1st interview,2nd interview,3rd interview,Proposition,Final answer,URL
Rejected,Orange,Data Scientist,Rennes,Carrer Site,,30/08/2023,Offer,13/10/2023,,,,,26/10/2023,https://orange.jobs/jobs/v3/offers/127229?lang=
Applied,Orange,Data Scientist,Toulouse,Carrer Site,,30/08/2023,Offer,,,,,,,https://orange.jobs/jobs/v3/offers/128950?lang=
Applied,AZ Consulting,Data Scientist,,Recruitment Agency,,31/08/2023,Spontaneous,,,,,,,https://az-recrutement.wixsite.com/az-recrutement
No project for now,ALTEN,,Marignane,Reach-out,Hybrid,,,05/09/2023,06/09/2023 17:00,,,,06/09/2023,
No project for now,Astek,Data Scientist,,LinkedIn,,31/08/2023,Spontaneous,01/09/2023,07/09/2023 18:00,,,,07/09/2023,https://www.linkedin.com/posts/killian-vincent-57356a17a_avis-aux-passionn%C3%A9s-de-lit-%C3%A7a-y-est-activity-7102634703928610816-o8ke?utm_source=share&utm_medium=member_desktop
Applied,Capgemini,Data Scientist,Paris,Carrer Site,,31/08/2023,Offer,,,,,,,https://www.capgemini.com/fr-fr/jobs/Ul4P_ogB_6fKCuLHqUvN/consultant-data-scientist/
Rejected,Capgemini,Data Engineer,Aix-en-Provence,Carrer Site,,31/08/2023,Offer,,,,,,01/09/2023,https://www.capgemini.com/fr-fr/jobs/g14IU4kB_6fKCuLHdlDR/data-engineer-hf/
In process,ALTEN,Data Scientist,Toulouse,Carrer Site,,31/08/2023,Offer,31/08/2023,13/09/2023 18:00,,,,,https://www.alten.fr/jobs/743999853921413-data-analyst-h-f-data-scientist-h-f-2/
Rejected,Thalès,AI,Roma,Reach-out,,,,05/09/2023,08/09/2023 15:00,,,,05/10/2023,https://careers.thalesgroup.com/global/en/job/R0210061/Artificial-Intelligence-and-Computer-Space-Engineer
Turn down,CLEEVEN,Data Scientist,Antibe,Reach-out,Hybrid,,,07/09/2023,14/09/2023 17:00,27/09/2023 8:00,,02/10/2023,05/10/2023,
Rejected,AITEM,Data Engineer,Torino,Reach-out,,,,,15/09/2023 14:30,,,,19/09/2023,
Applied,ALTEN,Data Scientist,,Carrer Site,,31/08/2023,Spontaneous,,,,,,,
Rejected,Thalès,Data Engineer,Valbonne,Carrer Site,,31/08/2023,Offer,,,,,,13/09/2023,https://careers.thalesgroup.com/global/en/job/R0219376/Data-Engineer-H-F
Rejected,Thalès,Data Engineer,Vélizy-Villacoublay,Carrer Site,,31/08/2023,Offer,,,,,,26/09/2023,https://careers.thalesgroup.com/global/en/job/R0226368/Data-Engineer-F-H
Rejected,Devoteam,Data Engineer,Lyon,Carrer Site,,01/09/2023,Offer,,,,,,21/09/2023,https://www.devoteam.com/jobs/data-engineer-hf-74133050847306438/
Rejected,Engie,Data Scientist,Courbevoie,Carrer Site,,01/09/2023,Offer,,,,,,25/09/2023,https://jobs.engie.com/job/COURBEVOIE-Data-Scientist-%28HF%29-92400/953642355/
Rejected,Engie,Data Scientist,Courbevoie,Carrer Site,,01/09/2023,Offer,,,,,,10/10/2023,https://jobs.engie.com/job/COURBEVOIE-Trading-Data-Scientist-92400/948589955/
Rejected,Betclic,DataOps Engineer,Bordeaux,Carrer Site,,01/09/2023,Offer,,,,,,06/09/2023,https://betclic-group.breezy.hr/p/cd90c2fd10af01-data-ops-engineer-h-f
Rejected,Deloitte,Data Scientist,Paris,Carrer Site,,01/09/2023,Offer,,,,,,06/10/2023,https://www.deloitterecrute.fr/postulez/nos-offres/r-3088-data-scientist-consultant-financial-services-h-f/
Applied,Deloitte,Data Scientist,Paris,Carrer Site,,01/09/2023,Offer,,,,,,,https://fina.wd3.myworkdayjobs.com/fr-FR/DeloitteRecrute/job/Consultant-Risk-Data-Analyst---Data-Scientist--H-F-_R-4581
Applied,Viatris,Data Scientist,Lyon,Carrer Site,,01/09/2023,Offer,,,,,,,https://viatris.wd5.myworkdayjobs.com/en-US/External/job/Business-Commercial-Policies-Analyst-H-F---CDI_R5636476
Applied,Amiltone,Data Scientist,Nantes,Carrer Site,,01/09/2023,Offer,,,,,,,https://www.amiltone.com/emploi/data-scientist-h-f/
Applied,Amiltone,Data Scientist,,Carrer Site,,01/09/2023,Spontaneous,,,,,,,
Applied,KWAN,Data Scientist,Portugal,LinkedIn,Remote,01/09/2023,Offer,,,,,,,https://www.linkedin.com/jobs/view/3707304293
Applied,KWAN,Data Scientist,Portugal,Carrer Site,Remote,01/09/2023,Spontaneous,,,,,,,
Applied,Crédit Agricole,Data Engineer,Nantes,LinkedIn,Hybrid,01/09/2023,Offer,,,,,,,https://www.linkedin.com/jobs/view/3706786448
Applied,Crédit Agricole,Data Engineer,Paris,LinkedIn,Hybrid,01/09/2023,Offer,,,,,,,https://www.linkedin.com/jobs/view/3702337294
Applied,EY,AI,Greece,Carrer Site,Remote,01/09/2023,Offer,,,,,,,https://careers.ey.com/ey/job/Athens-AI-Consultant-15125/951349601/
Applied,EY,Data Scientist,Athens,Carrer Site,Remote,01/09/2023,Offer,,,,,,,https://careers.ey.com/ey/job/Athens-Data-Scientist-Data-Analyst-15125/828329501/
Applied,EY,Data Scientist,Athens,Carrer Site,Remote,01/09/2023,Offer,,,,,,,https://careers.ey.com/ey/job/Athens-Data-scientist-Machine-Learning-15125/828336101/
Rejected,EY,Data Scientist,Prague,Carrer Site,,01/09/2023,Offer,,,,,,11/09/2023,https://careers.ey.com/ey/job/Prague-1-Nove-Mesto-Junior-Data-Scientist-110-00/852988401/
Rejected,EY,Data Scientist,Geneva,Carrer Site,,01/09/2023,Offer,,,,,,26/10/2023,https://careers.ey.com/ey/job/Grand-Lancy-Geneva-Consultant-Data-Scientist-Forensics-in-Geneva-1212/853801301/
Applied,agap2,Data Scientist,Paris,Apec,,01/09/2023,Offer,,,,,,,https://www.apec.fr/candidat/recherche-emploi.html/emploi/detail-offre/171848051W
Applied,Vertbaudet,Data Scientist,Tourcoing,Apec,,,,,,,,,,https://www.apec.fr/candidat/recherche-emploi.html/emploi/detail-offre/171819338W
Applied,EQUANS,Data Scientist,Courbevoie,Carrer Site,,01/09/2023,Offer,,,,,,,https://jobs.equans.com/fr/jobs/46160-data-scientist-h-f-axima-refrigeration-92/
Applied,EQUANS,Data Scientist,Genas,Carrer Site,,01/09/2023,Offer,,,,,,,https://jobs.equans.com/fr/jobs/46158-data-scientist-h-f-axima-refrigeration-69/
Applied,EQUANS,Data Scientist,Nantes,Carrer Site,,01/09/2023,Offer,,,,,,,https://jobs.equans.com/fr/jobs/46157-data-scientist-h-f-axima-refrigeration-44/
Applied,EQUANS,Data Scientist,Lille,Carrer Site,,01/09/2023,Offer,,,,,,,https://jobs.equans.com/fr/jobs/46155-data-scientist-h-f-axima-refrigeration-59/
Rejected,Fortil,Data Scientist,,Carrer Site,,01/09/2023,Spontaneous,,,,,,04/09/2023,
Applied,Fortil,Data Engineer,Lille,Carrer Site,,01/09/2023,Offer,,,,,,,https://fortil.group/fr/offres-demploi/offre-demploi/?jobid=8787-90
Applied,Astek,Data Engineer,Lille,Carrer Site,,01/09/2023,Offer,,,,,,,https://astekjob.fr/jobs/data-engineer-lille-france-h-f-3/
Applied,Astek,Data Engineer,Bordeaux,Carrer Site,,01/09/2023,Offer,,,,,,,https://astekjob.fr/jobs/data-engineer-bordeaux-france-h-f/
Rejected,Thalès,Data Engineer,Rennes,Carrer Site,,02/09/2023,Offer,,,,,,05/09/2023,https://careers.thalesgroup.com/global/en/job/R0225792/Ing%C3%A9nieur-e-Data-H-F
Rejected,Atos,Data Engineer,Bezons,Carrer Site,,02/09/2023,Offer,,,,,,07/09/2023,https://jobs.atos.net/job/BEZONS-Data-Engineer-MLOps-FH-FRAN-95870/961894901/
Rejected,Atos,Data Engineer,Villeurbanne,Carrer Site,,02/09/2023,Offer,,,,,,28/09/2023,
Rejected,Atos,Data Engineer,Bezons,Carrer Site,,02/09/2023,Offer,,,,,,06/09/2023,https://jobs.atos.net/job/BEZONS-Ing%C3%A9nieur(e)-Data-d%C3%A9butant(e)-FH-FRAN-95870/966423501/
Rejected,Atos,Data Engineer,Germany,Carrer Site,,02/09/2023,Offer,,,,,,04/09/2023,https://jobs.atos.net/job/Junior-Data-Engineer-(mwd)/946075601/
Applied,Capgemini,Data Engineer,Lille,LinkedIn,Hybrid,02/09/2023,Offer,,,,,,,https://www.linkedin.com/jobs/view/3708591150
Applied,Capgemini,Data Engineer,Grenoble,LinkedIn,Hybrid,02/09/2023,Offer,,,,,,,https://www.linkedin.com/jobs/view/3701490241
Applied,Probayes,Data Scientist,Paris,Apec,,02/09/2023,Offer,,,,,,,https://www.apec.fr/candidat/recherche-emploi.html/emploi/detail-offre/171844964W?xtor=AL-406
Rejected,Aphelio,Data Scientist,Grenoble,Pole emploi,,02/09/2023,Offer,,,,,,07/09/2023,https://candidat.pole-emploi.fr/offres/recherche/detail/160PPYJ
Applied,OXO-team,Data Scientist,Clermont-Ferrand,Apec,,02/09/2023,Offer,,,,,,,https://www.apec.fr/candidat/recherche-emploi.html/emploi/detail-offre/171511124W?xtor=AL-406
Applied,Probayes,Data Scientist,Montbonnot-Saint-Martin,Apec,,02/09/2023,Offer,,,,,,,https://www.apec.fr/candidat/recherche-emploi.html/emploi/detail-offre/171844959W?xtor=AL-406
Applied,INPI,Data Scientist,Courbevoie,Carrer Site,Hybrid,02/09/2023,Offer,,,,,,,https://inpi.mycv.tech/index.php?id_offre=ffe6faeffb1&id_media=APEC&module=offre&action=detail_offre
Applied,Micheal Page,Data Engineer,Nantes,HelloWork,,02/09/2023,Offer,,,,,,,https://www.hellowork.com/fr-fr/emplois/39544912.html?utm_campaign=pole_emploi&utm_medium=metamoteurs-free&utm_source=pole_emploi&utm_content=fluxpoleemploi&utm_term=39544912#postuler
Applied,RD2 Conseil,Data Scientist,Paris,Apec,,02/09/2023,Offer,,,,,,,https://www.apec.fr/candidat/recherche-emploi.html/emploi/detail-offre/171784899W?xtor=AL-406
Rejected,RCA,Data Engineer,Saint-Herblain,Carrer Site,,02/09/2023,Offer,,,,,,07/09/2023,https://www.apec.fr/candidat/recherche-emploi.html/emploi/detail-offre/171855586W?xtor=AL-406
Applied,Gnomon Digital,Data Engineer,Puteaux,Apec,,02/09/2023,Offer,,,,,,,https://www.apec.fr/candidat/recherche-emploi.html/emploi/detail-offre/171648810W?xtor=AL-406
Applied,SOLENT,AI,La Garenne-Colombes,Apec,Hybrid,02/09/2023,Offer,,,,,,,https://www.apec.fr/candidat/recherche-emploi.html/emploi/detail-offre/171521077W
Rejected,Sopra Steria,Data Engineer,Paris,Carrer Site,,02/09/2023,Offer,,,,,,04/09/2023,https://jobs.smartrecruiters.com/SopraSteria1/743999922457073-data-engineer-transport-ile-de-france?trid=e15b6b47-d6c6-4c5d-a466-c06a6dbc094e
Rejected,Sopra Steria,Data Engineer,Metz,Carrer Site,Hybrid,02/09/2023,Offer,,,,,,18/09/2023,https://jobs.smartrecruiters.com/SopraSteria1/743999927793712-data-engineer-nne-est-metz?trid=e15b6b47-d6c6-4c5d-a466-c06a6dbc094e
Applied,Numberly,Data Scientist,Paris,Carrer Site,Hybrid,02/09/2023,Offer,,,,,,,https://jobs.smartrecruiters.com/numberly/743999914173433
Applied,Numberly,Data Scientist,Paris,Carrer Site,Hybrid,02/09/2023,Offer,,,,,,,https://jobs.smartrecruiters.com/numberly/743999901246488
Applied,Numberly,Data Engineer,,Carrer Site,Remote,02/09/2023,Offer,,,,,,,https://jobs.smartrecruiters.com/numberly/743999911611183
Applied,Numberly,DevOps Engineer,Paris,Carrer Site,Hybrid,02/09/2023,Offer,,,,,,,https://jobs.smartrecruiters.com/numberly/743999877155891
Applied,MindPal,Data Scientist,Lyon,Carrer Site,On-site,04/09/2023,Offer,,,,,,,https://app.mindpal.co/offers/1291917/
Applied,Finegrain,AI,Paris,LinkedIn,Hybrid,04/09/2023,Offer,,,,,,,https://www.linkedin.com/jobs/view/3689792126
Rejected,ABBYY,DevOps Engineer,Serbia,Carrer Site,Remote,04/09/2023,Offer,,,,,,04/09/2023,https://boards.eu.greenhouse.io/abbyy/jobs/4202660101
Applied,Elanco,Data Scientist,USA,Carrer Site,Remote,04/09/2023,Offer,,,,,,,https://elanco.wd5.myworkdayjobs.com/en-US/External_Career/job/Data-Scientist-Academic-Worker_R0016721
Applied,Valeo,AI,Prague,Carrer Site,Hybrid,04/09/2023,Offer,,,,,,,https://valeo.wd3.myworkdayjobs.com/fr-FR/valeo_jobs/details/Data-Analyst--Machine-Learning-Engineer_REQ2023007499
Rejected,Valeo,Data Scientist,Neuses,Carrer Site,,04/09/2023,Offer,,,,,,27/09/2023,https://valeo.wd3.myworkdayjobs.com/fr-FR/valeo_jobs/details/Data-Scientist--m-w-d-_REQ2023015052
Applied,Valeo,Data Engineer,Cairo,Carrer Site,,04/09/2023,Offer,,,,,,,https://valeo.wd3.myworkdayjobs.com/fr-FR/valeo_jobs/details/CV-Data-Engineer---CDA_REQ2023004084
Rejected,Valeo,AI,Lübeck,Carrer Site,,04/09/2023,Offer,,,,,,09/09/2023,https://valeo.wd3.myworkdayjobs.com/fr-FR/valeo_jobs/job/Machine-Learning-Engineer--m-f-d-_REQ2023022099-1
Applied,Valeo,AI,Tuam,Carrer Site,,04/09/2023,Offer,,,,,,,https://valeo.wd3.myworkdayjobs.com/fr-FR/valeo_jobs/details/R-D-Deep-Learning-Engineer_REQ2023000888
Applied,CGI,Data Scientist,Toulouse,Carrer Site,Hybrid,04/09/2023,Offer,,,,,,,https://cgi.njoyn.com/corp/xweb/XWeb.asp?NTKN=c&page=jobdetails&JobID=J0823-0721
Applied,CGI,Data Scientist,Bielefeld,Carrer Site,Hybrid,04/09/2023,Offer,,,,,,,https://cgi.njoyn.com/corp/xweb/XWeb.asp?NTKN=c&clid=21001&Page=JobDetails&Jobid=J0823-0739&BRID=1073707&lang=2
Applied,CGI,Data Engineer,Muntinlupa,Carrer Site,Hybrid,04/09/2023,Offer,,,,,,,https://cgi.njoyn.com/corp/xweb/XWeb.asp?NTKN=c&clid=21001&Page=JobDetails&Jobid=J0223-0706&BRID=1036435&lang=2
Applied,CGI,Data Scientist,Arnhem,Carrer Site,,04/09/2023,Offer,,,,,,,https://cgi.njoyn.com/corp/xweb/XWeb.asp?NTKN=c&clid=21001&Page=JobDetails&Jobid=J0223-2140&BRID=1041295&lang=2
Applied,CGI,Data Scientist,Randstad,Carrer Site,,04/09/2023,Offer,,,,,,,https://cgi.njoyn.com/corp/xweb/XWeb.asp?NTKN=c&clid=21001&Page=JobDetails&Jobid=J1122-2502&BRID=1015269&lang=2
Applied,SII,Data Scientist,,Carrer Site,,04/09/2023,Spontaneous,,,,,,,
Applied,Inetum,Data Engineer,Bucharest,Carrer Site,Remote,04/09/2023,Offer,,,,,,,https://www.inetum.com/en/job/data-engineer-mf
Rejected,Inetum,Data Engineer,Orléans,Carrer Site,Hybrid,04/09/2023,Offer,,,,,,05/09/2023,https://www.inetum.com/fr/emploi/data-engineer-hf-2
Rejected,Inetum,Data Scientist,Lille,Carrer Site,Hybrid,04/09/2023,Offer,,,,,,12/09/2023,https://www.inetum.com/fr/emploi/data-scientist-hf
Applied,Differs,Data Scientist,Paris,LinkedIn,Hybrid,04/09/2023,Offer,,,,,,,https://www.linkedin.com/jobs/view/3708562136
Rejected,Ryte.ai,Data Scientist,Paris,LinkedIn,On-site,04/09/2023,Offer,,,,,,08/09/2023,https://www.linkedin.com/jobs/view/3703790248
Applied,Erba,Data Scientist,Montpellier,LinkedIn,On-site,04/09/2023,Offer,,,,,,,https://www.linkedin.com/jobs/view/3711085564
Applied,VISEO,Data Scientist,Aix-en-Provence,LinkedIn,Hybrid,04/09/2023,Offer,,,,,,,https://www.linkedin.com/jobs/view/3684979806
Rejected,TotalEnergies,Data Scientist,Courbevoie,Carrer Site,,04/09/2023,Offer,,,,,,15/09/2023,https://totalenergies.avature.net/en_US/careers/JobDetail/Assistant-Data-Scientist-d-butant-F-H/37352
Rejected,TotalEnergies,AI,Pau,Carrer Site,,04/09/2023,Offer,,,,,,24/09/2023,https://totalenergies.avature.net/en_US/careers/JobDetail/Ing-nieur-d-butant-IA-Eolien-en-mer-F-H/36199
Rejected,TotalEnergies,Data Scientist,Paris,Carrer Site,,04/09/2023,Offer,,,,,,10/10/2023,https://totalenergies.avature.net/en_US/careers/JobDetail/Data-Scientist-ML/33347
Rejected,TotalEnergies,Data Scientist,Geneva,Carrer Site,,04/09/2023,Offer,,,,,,07/10/2023,https://totalenergies.avature.net/en_US/careers/JobDetail/Data-Scientist/38052
Applied,Scalian,Data Scientist,Bordeaux,Carrer Site,,04/09/2023,Offer,,,,,,,https://scalian.csod.com/ux/ats/careersite/1/home/requisition/4103?c=scalian
Applied,Scalian,AI,Paris,Carrer Site,,04/09/2023,Offer,,,,,,,https://scalian.csod.com/ux/ats/careersite/1/home/requisition/2792?c=scalian
Applied,Scalian,Data Engineer,Valbonne,Carrer Site,,04/09/2023,Offer,,,,,,,https://scalian.csod.com/ux/ats/careersite/1/home/requisition/2462?c=scalian
Rejected,Extia,Data Engineer,Lyon,Carrer Site,,04/09/2023,Offer,,,,,,06/09/2023,https://www.extia-group.com/join-us/data-engineer-h-f-3
Applied,Grade Booster,Data Scientist,Paris,LinkedIn,,04/09/2023,Offer,,,,,,,https://www.linkedin.com/jobs/view/3709353528
Applied,Axelor,Data Engineer,Champs-sur-Marne,LinkedIn,,04/09/2023,Offer,,,,,,,https://www.linkedin.com/jobs/view/3709345826
Applied,SHOOM,Data Scientist,Brest,LinkedIn,,04/09/2023,Offer,,,,,,,https://www.linkedin.com/jobs/view/3709345826
Rejected,Extia,Data Scientist,Strasbourg,Carrer Site,,04/09/2023,Offer,,,,,,06/09/2023,https://www.extia-group.com/join-us/data-scientist-h-f-3
Rejected,Extia,Data Engineer,Paris,Carrer Site,,04/09/2023,Offer,,,,,,06/09/2023,https://www.extia-group.com/join-us/job-offer-dataaa
Rejected,Extia,Data Engineer,Bordeaux,Carrer Site,,04/09/2023,Offer,,,,,,06/09/2023,https://www.extia-group.com/join-us/data-engineer-h-f-4
Rejected,Extia,Data Engineer,Paris,Carrer Site,,04/09/2023,Offer,,,,,,06/09/2023,https://www.extia-group.com/join-us/data-engineer-h-f-1
Applied,eXalt,Data Scientist,Paris,Carrer Site,,04/09/2023,Offer,,,,,,,https://exalt.welcomekit.co/companies/exalt/jobs/data-scientist_paris
Applied,Vivid Resourcing,AI,Amsterdam,LinkedIn,,04/09/2023,Offer,,,,,,,https://www.linkedin.com/jobs/view/3711207006
In process,Bioseb,AI,Vitrolles,LinkedIn,,04/09/2023,Offer,19/09/2023,,,,,,https://www.linkedin.com/jobs/view/3711095289
Applied,HOPLO,AI,Cagliari,LinkedIn,On-site,04/09/2023,Offer,,,,,,,https://www.linkedin.com/jobs/view/3709604281
Applied,harnham,Data Scientist,Paris,Carrer Site,Hybrid,05/09/2023,Offer,,,,,,,https://www.harnham.com/job/e1aeb1da-8723-4ba1-d23d-08d5948a7341-data-scientist-paris-ile-de-france-4/
Applied,harnham,Data Scientist,Leeds,Carrer Site,Hybrid,05/09/2023,Offer,,,,,,,https://www.harnham.com/job/e1aeb1da-8723-4ba1-d23d-08d5948a7341-data-scientist-leeds-west-yorkshire/
Applied,harnham,Data Scientist,London,Carrer Site,Hybrid,05/09/2023,Offer,,,,,,,https://www.harnham.com/job/e1aeb1da-8723-4ba1-d23d-08d5948a7341-junior-data-scientist-contract-to-perm-london/
Applied,harnham,Data Scientist,London,Carrer Site,Hybrid,05/09/2023,Offer,,,,,,,https://www.harnham.com/job/e1aeb1da-8723-4ba1-d23d-08d5948a7341-junior-data-scientist-london/
Applied,harnham,Data Scientist,Birmingham,Carrer Site,Hybrid,05/09/2023,Offer,,,,,,,https://www.harnham.com/job/e1aeb1da-8723-4ba1-d23d-08d5948a7341-data-scientist-birmingham-west-midlands-2/
Applied,harnham,Data Scientist,London,Carrer Site,Remote,05/09/2023,Offer,,,,,,,https://www.harnham.com/job/e1aeb1da-8723-4ba1-d23d-08d5948a7341-data-scientist-city-of-london-london/
Applied,harnham,Data Scientist,Manchester,Carrer Site,Hybrid,05/09/2023,Offer,,,,,,,https://www.harnham.com/job/e1aeb1da-8723-4ba1-d23d-08d5948a7341-data-scientist-manchester-greater-manchester-3/
Applied,harnham,Data Scientist,,Carrer Site,,05/09/2023,Spontaneous,,,,,,,
Applied,DESKi,Data Scientist,Bordeaux,LinkedIn,Hybrid,05/09/2023,Offer,,,,,,,https://www.linkedin.com/jobs/view/3141273706
Applied,InovaYa,Data Scientist,Chasse-sur-Rhône,LinkedIn,Hybrid,05/09/2023,Offer,,,,,,,https://www.linkedin.com/jobs/view/3703616234
Applied,Ellisphere,Data Engineer,Lyon,LinkedIn,On-site,05/09/2023,Offer,,,,,,,https://www.linkedin.com/jobs/view/3703987589
Applied,ALTEN,Data Engineer,Metz,LinkedIn,On-site,05/09/2023,Offer,,,,,,,https://www.linkedin.com/jobs/view/3709403350
Applied,LR TECHNOLOGIES GROUPE,AI,Toulouse,LinkedIn,On-site,05/09/2023,Offer,,,,,,,https://www.linkedin.com/jobs/view/3701787389
Applied,Agence nationale des titres sécurisés,Data Scientist,Charleville Mézières,Carrer Site,On-site,05/09/2023,Offer,,,,,,,https://antsrecrutement.recruitee.com/o/ingenieur-data-scientist-ou-data-analyst
Applied,Datatorii,Data Scientist,,Carrer Site,,05/09/2023,Spontaneous,,,,,,,
Rejected,Devoteam,Data Engineer,Lille,Carrer Site,Hybrid,05/09/2023,Offer,,,,,,07/09/2023,https://france.devoteam.com/jobs/data-engineer-hf-innovative-tech-93036890510238406/
Rejected,Devoteam,Data Scientist,Levallois-Perret,Carrer Site,,05/09/2023,Offer,,,,,,18/09/2023,https://france.devoteam.com/jobs/data-scientist-136707239923589830/
Applied,Ekinox,Data Scientist,Paris,LinkedIn,Hybrid,05/09/2023,Offer,,,,,,,https://www.linkedin.com/jobs/view/3711954219
Applied,Positive Thinking Company,Data Scientist,Paris,LinkedIn,Hybrid,05/09/2023,Offer,,,,,,,https://www.linkedin.com/jobs/view/3711954435
Applied,MFG Labs,Data Scientist,Pantin,LinkedIn,Hybrid,05/09/2023,Offer,,,,,,,https://www.linkedin.com/jobs/view/3711976397
Applied,Urban Linker,Data Scientist,,Carrer Site,,05/09/2023,Spontaneous,,,,,,,
Applied,ALTEN,,Toulouse,LinkedIn,,05/09/2023,Spontaneous,,,,,,,https://www.linkedin.com/jobs/view/3711955326
Applied,Hespérie Conseil,Data Scientist,Paris,Carrer Site,,05/09/2023,Spontaneous,,,,,,,
Applied,ShoWhere,Data Analyst,France,LinkedIn,Remote,05/09/2023,Offer,,,,,,,https://www.linkedin.com/jobs/view/3712578281
Rejected,BearingPoint,Data Scientist,Paris,Carrer Site,Hybrid,05/09/2023,Offer,,,,,,12/09/2023,https://carrieresfrance.bearingpoint.com/jobs/2129739-data-scientist-products-data-h-f/96b6ca83-d630-4b1d-97d3-0e7a30ea53b3
Applied,Keyrus,Data Analyst,Aix-en-Provence,Pole emploi,,06/09/2023,Offer,,,,,,,
Applied,PolyConseil,Data Scientist,Paris,Pole emploi,,06/09/2023,Offer,,,,,,,https://candidat.pole-emploi.fr/offres/recherche/detail/160WNCC
Rejected,Sia Partners,AI,Paris,Carrer Site,,06/09/2023,Offer,,,,,,11/09/2023,https://www.sia-partners.com/en/career/machine-learning-engineer-hf
Rejected,Sia Partners,Data Engineer,Paris,Carrer Site,,06/09/2023,Offer,,,,,,31/10/2023,https://www.sia-partners.com/en/career/data-engineer-hf
Rejected,Sia Partners,Data Scientist,Paris,Carrer Site,,06/09/2023,Offer,,,,,,11/09/2023,https://www.sia-partners.com/en/career/consultante-data-science
Rejected,Sia Partners,Data Scientist,Montréal,Carrer Site,,06/09/2023,Offer,,,,,,31/10/2023,https://www.sia-partners.com/en/career/conseillerere-en-data-science
Applied,Sophia Engineering,Data Scientist,Cagnes-sur-Mer,Apec,,06/09/2023,Offer,,,,,,,https://www.apec.fr/candidat/recherche-emploi.html/emploi/detail-offre/171899451W
Rejected,Shom,Data Scientist,Brest,Apec,,06/09/2023,Offer,,,,,,29/09/2023,https://www.apec.fr/candidat/recherche-emploi.html/emploi/detail-offre/171884980W
Applied,Aquila,AI,Montrouge,Apec,,07/09/2023,Offer,,,,,,,https://www.apec.fr/candidat/recherche-emploi.html/emploi/detail-offre/171891125W
Applied,Fed Finance,Data Scientist,Nanterre,Cadremploi,,07/09/2023,Offer,,,,,,,https://www.cadremploi.fr/emploi/detail_offre?offreId=156344197860991148
Applied,Unédic,Data Analyst,Paris,Apec,,07/09/2023,Offer,,,,,,,https://www.apec.fr/candidat/recherche-emploi.html/emploi/detail-offre/171577137W?xtor=AL-406
Rejected,Business & Decision,Data Scientist,Toulouse,Apec,,07/09/2023,Offer,,,,,,20/09/2023,https://www.apec.fr/candidat/recherche-emploi.html/emploi/detail-offre/171901035W?xtor=AL-406
Applied,,Data Engineer,Paris,Pole emploi,,07/09/2023,Offer,,,,,,,https://candidat.pole-emploi.fr/offres/recherche/detail/161CMTP
Applied,adversio,Data Scientist,Puteaux,Apec,,07/09/2023,Offer,,,,,,,https://www.apec.fr/candidat/recherche-emploi.html/emploi/detail-offre/171870146W?xtor=AL-406
Rejected,IDEMIA,AI,Osny,Carrer Site,,07/09/2023,Offer,,,,,,19/09/2023,https://careers.idemia.com/job/OSNY-Ing%C3%A9nieur-Recherche-Deep-Learning-Osny-95520/868674201
Applied,StereoLabs,AI,Paris,Carrer Site,,07/09/2023,Offer,,,,,,,https://careers.stereolabs.com/o/ingenieur-deep-learning-3d-computer-vision-2-5
Applied,StereoLabs,AI,Paris,Carrer Site,,07/09/2023,Offer,,,,,,,https://careers.stereolabs.com/o/ingenieur-computer-vision-2
Rejected,IDEMIA,AI,Courbevois,Carrer Site,,07/09/2023,Offer,,,,,,19/09/2023,https://careers.idemia.com/job/Courbevoie-Ing%C3%A9nieur-Recherche-Deep-Learning-92400/978432601/
Applied,Descartes Underwriting,Data Scientist,Paris,LinkedIn,,07/09/2023,Offer,,,,,,,https://www.linkedin.com/jobs/view/3714237783
Applied,Niji,Data Scientist,,Carrer Site,,07/09/2023,Spontaneous,,,,,,,
Applied,talentbase.tech,AI,Germany,LinkedIn,Remote,07/09/2023,Offer,,,,,,,https://www.linkedin.com/jobs/view/3713870839
Rejected,Summ.link,AI,,LinkedIn,Remote,07/09/2023,Offer,,,,,,09/09/2023,https://www.linkedin.com/jobs/view/3691814700
Rejected,Safran,Data Scientist,Paris,Carrer Site,,07/09/2023,Offer,,,,,,10/11/2023,https://www.safran-group.com/fr/offres/france/colombes/data-scientist-fh-117906
Applied,DXOMARK,AI,Paris,Carrer Site,Remote,11/09/2023,Offer,,,,,,,https://dxomark-image-labs.breezy.hr/p/ecd3f32d176201-machine-learning-engineer-eng?state=published
Rejected,TechnicAtome,Data Scientist,Aix-en-Provence,LinkedIn,On-site,11/09/2023,Offer,,,,,,23/09/2023,https://www.linkedin.com/jobs/view/3709986856
Rejected,InstaDeep,AI,Paris,LinkedIn,Hybrid,11/09/2023,Offer,,,,,,13/09/2023,https://www.linkedin.com/jobs/view/3713152693
Rejected,InstaDeep,AI,Paris,Carrer Site,Hybrid,11/09/2023,Offer,,,,,,02/10/2023,https://jobs.eu.lever.co/instadeep/8129667d-80b0-4361-8baf-c90ed17b2bc3
Rejected,Nextra,Data Scientist,Marseille,Carrer Site,Hybrid,11/09/2023,Offer,,,,,,12/10/2023,https://nextra-partners.welcomekit.co/jobs/consultant-data-strategy_marseille
Rejected,Nextra,Data Engineer,Marseille,Carrer Site,Hybrid,11/09/2023,Offer,,,,,,26/10/2023,https://nextra-partners.welcomekit.co/jobs/data-engineer_marseille_NEXTR_g6gOXYN
Applied,Nextra,Data Scientist,,Carrer Site,,11/09/2023,Spontaneous,,,,,,,
Applied,Clone,Data Scientist,Paris,LinkedIn,On-site,11/09/2023,Offer,,,,,,,https://www.linkedin.com/jobs/view/3711219652
Rejected,AKKODIS,Data Scientist,,Carrer Site,,11/09/2023,Spontaneous,,,,,,21/09/2023,
Applied,AKKODIS,Data Scientist,Torino,Carrer Site,,11/09/2023,Offer,,,,,,,https://talentsoft.akka-technologies.com/job/job-junior-data-scientist-automotive_28769.aspx
Applied,AKKODIS,AI,Milano,Carrer Site,,11/09/2023,Offer,,,,,,,https://talentsoft.akka-technologies.com/job/job-computer-vision-and-machine-learning-engineer-settore-industry_14018.aspx
Rejected,MAIF,Data Scientist,Niort,Carrer Site,,11/09/2023,Offer,,,,,,15/09/2023,https://recrutement.maif.fr/Pages/Offre/detailoffre.aspx?idOffre=5522&idOrigine=514&LCID=1036&offerReference=2023-5522&BoardID=506
Rejected,MAIF,Data Engineer,Niort,Carrer Site,,11/09/2023,Offer,,,,,,13/09/2023,https://recrutement.maif.fr/offre-de-emploi/emploi-data-engineer-socrate-h-f_5508.aspx
Rejected,MAIF,Data Engineer,Niort,Carrer Site,,11/09/2023,Offer,,,,,,14/09/2023,https://recrutement.maif.fr/offre-de-emploi/emploi-data-engineer-socle-h-f_5509.aspx
Applied,MAIF,Data Scientist,,Carrer Site,,11/09/2023,Spontaneous,,,,,,,
Applied,Probayes,Data Scientist,Paris,Apec,,11/09/2023,Offer,,,,,,,https://www.apec.fr/candidat/recherche-emploi.html/emploi/detail-offre/171845091W
Rejected,Airbus,Data Scientist,Manching,Carrer Site,,11/09/2023,Offer,,,,,,23/09/2023,https://ag.wd3.myworkdayjobs.com/fr-FR/Airbus/job/Manching/Big-Data-Scientist-for-the-Services-Analytics-Plateau_JR10179186?q=data%20scientist
Rejected,Airbus,Data Analyst,Montréal,Carrer Site,,11/09/2023,Offer,,,,,,20/09/2023,https://ag.wd3.myworkdayjobs.com/fr-FR/Airbus/job/Montreal-Area/Airbus-Canada---Nouveau-Gradu---Professionnel-en-Ingnierie---New-Grad---Engineering-Professional_JR10220857
Applied,Iroko,Data Analyst,Paris,Welcome to the Jungle,Hybrid,11/09/2023,Offer,,,,,,,https://www.welcometothejungle.com/fr/companies/iroko/jobs/data-analyst-cdi_paris
Rejected,Veltys,Data Scientist,Paris,Welcome to the Jungle,Hybrid,11/09/2023,Offer,,,,,,11/09/2023,https://www.welcometothejungle.com/fr/companies/veltys/jobs/consultant-en-strategie-et-data-science_paris
Rejected,Mawenzi Partners,Data Scientist,Paris,Welcome to the Jungle,Hybrid,11/09/2023,Offer,,,,,,13/09/2023,https://www.welcometothejungle.com/fr/companies/mawenzi-partners/jobs/data-scientist_paris
Applied,Proteqt,Data Engineer,The Randstad,LinkedIn,Hybrid,11/09/2023,Offer,,,,,,,https://www.linkedin.com/jobs/view/3717725076
Applied,IBM,Data Scientist,,Carrer Site,,11/09/2023,Spontaneous,,,,,,,
Rejected,TotalEnergies,Data Scientist,Pau,Carrer Site,,12/09/2023,Offer,,19/09/2023 15:30,,,,15/11/2023,https://totalenergies.avature.net/en_US/careers/JobDetail?jobId=38622
Turn down,TotalEnergies,Data Analyst,Pau,Reach-out,,,,,06/11/2023 9:00,,,15/11/2023,15/11/2023,
No project for now,ALTEN,Data Scientist,Paris,Reach-out,,,,18/09/2023,25/09/2023 16:00,,,,27/10/2023,
Turn down,ALTEN,Data Scientist,Nantes,Reach-out,On-site,,,19/09/2023,20/09/2023 11:00,25/09/2023 17:00,,26/09/2023,05/10/2023,
Rejected,Belgatech,,Belgique,Reach-out,,,,20/09/2023,29/09/2023 15:00,,,,27/10/2023,
Applied,Witts,Data Scientist,Spain,LinkedIn,Remote,12/09/2023,Offer,,,,,,,https://www.linkedin.com/jobs/view/3714465762
Applied,Human Biome Instute,Data Scientist,Poland,LinkedIn,Remote,12/09/2023,Offer,,,,,,,https://www.linkedin.com/jobs/view/3714451546
Applied,Inetum,Data Engineer,St Ouen,LinkedIn,On-site,12/09/2023,Offer,,,,,,,https://www.linkedin.com/jobs/view/3718404450
Applied,Schindler,Data Analyst,Vélizy-Villacoublay,LinkedIn,On-site,12/09/2023,Offer,,,,,,,https://www.linkedin.com/jobs/view/3714121477
Rejected,Decaposte,Data Engineer,Lyon,Carrer Site,,12/09/2023,Offer,,,,,,25/09/2023,https://docaposte-recrute.profils.org/offre-de-emploi/emploi-data-engineer-f-h_4471.aspx
Applied,Accessible Intelligence,Data Scientist,United Kingdom,LinkedIn,Remote,12/09/2023,Offer,,,,,,,https://www.linkedin.com/jobs/view/3710504410
Applied,Apziva,Data Scientist,United Kingdom,LinkedIn,Remote,12/09/2023,Offer,,,,,,,https://www.linkedin.com/jobs/view/3714452563
Applied,harnam,Data Engineer,Hastings,Carrer Site,Remote,12/09/2023,Offer,,,,,,,https://www.harnham.com/job/e1aeb1da-8723-4ba1-d23d-08d5948a7341-data-analyst-hastings-east-sussex/
Applied,Reverse Tech,Data Engineer,Barcelona,LinkedIn,Remote,12/09/2023,Offer,,,,,,,https://www.linkedin.com/jobs/view/3718526636
Applied,Accure,AI,Paris,Pole emploi,,12/09/2023,Offer,,,,,,,https://candidat.pole-emploi.fr/offres/recherche/emploirecherche/detail/161HFWG
Applied,Accure,Data Scientist,Paris,Pole emploi,,12/09/2023,Offer,,,,,,,https://candidat.pole-emploi.fr/offres/recherche/emploirecherche/detail/161HFRG
Applied,AXA,Data Engineer,Chatillon,Carrer Site,,12/09/2023,Offer,,,,,,,https://www.careers.axapartners.com/fr/fr/job/AXPAGLOBAL230007HEYESTALEOFREXTERNALFRFR/Data-Engineer-F-H
Applied,Orange,Data Scientist,Morocco,Carrer Site,,12/09/2023,Offer,,,,,,,https://orange.jobs/jobs/v3/offers/128922?lang=en
Rejected,Orange,Data Engineer,Mougins,Carrer Site,,12/09/2023,Offer,,,,,,16/09/2023,https://orange.jobs/jobs/v3/offers/128138?lang=en
Applied,Orange,Data Engineer,Morocco,Carrer Site,,12/09/2023,Offer,,,,,,,https://orange.jobs/jobs/v3/offers/123400?lang=en
Rejected,Sofrecom,AI,Chatillon,Carrer Site,,12/09/2023,Offer,,,,,,21/09/2023,https://orange.jobs/jobs/v3/offers/121925?lang=en
Applied,Orange,Data Analyst,Morocco,Carrer Site,,12/09/2023,Offer,,,,,,,https://orange.jobs/jobs/v3/offers/128646?lang=en
Rejected,MAIF,Data Analyst,Niort,Carrer Site,,12/09/2023,Offer,,,,,,19/09/2023,https://recrutement.maif.fr/offre-de-emploi/emploi-data-analyst-h-f-pilotage-des-parcours-omnicanaux-usages-distribution-h-f_5503.aspx
Rejected,Welleat,Data Engineer,Lille,Pole emploi,,13/09/2023,Offer,,,,,,13/09/2023,https://candidat.pole-emploi.fr/offres/recherche/detail/161KDHF
Applied,Amiltone,Data Scientist,Villeurbanne,HelloWork,,13/09/2023,Offer,,,,,,,https://www.hellowork.com/fr-fr/emplois/40051607.html
Applied,Amiltone,Data Scientist,Nantes,HelloWork,,13/09/2023,Offer,,,,,,,https://www.hellowork.com/fr-fr/emplois/40041925.html
Applied,EDF,Data Scientist,Puteaux,HelloWork,,13/09/2023,Offer,,,,,,,https://www.hellowork.com/fr-fr/emplois/40023953.html
Applied,Ouest France,Data Scientist,Rennes,HelloWork,,13/09/2023,Offer,,,,,,,https://www.hellowork.com/fr-fr/emplois/36471079.html
Applied,CEA,Data Scientist,Gif-sur-Yvette,Carrer Site,,13/09/2023,Offer,,,,,,,https://www.emploi.cea.fr/Pages/Offre/detailoffre.aspx?idOffre=28320&idOrigine=513&LCID=1036&offerReference=2023-28320
Applied,CEA,Data Scientist,,Carrer Site,,13/09/2023,Spontaneous,,,,,,,
Applied,Viveris,Data Scientist,Strasbourgh,HelloWork,,13/09/2023,Offer,,,,,,,https://www.hellowork.com/fr-fr/emplois/40057927.html
Applied,Ekkiden,Data Scientist,,,,13/09/2023,Spontaneous,,,,,,,
Applied,Urban Linker,AI,Lyon,LinkedIn,,13/09/2023,Offer,,,,,,,https://www.linkedin.com/jobs/view/3719350969
Applied,HR Team,Data Engineer,Nice,HelloWork,Hybrid,13/09/2023,Offer,,,,,,,https://www.hellowork.com/fr-fr/emplois/33873190.html
Rejected,Auchan,Data Scientist,Villeneuve-d'Ascq,HelloWork,,13/09/2023,Offer,,,,,,21/09/2023,https://www.hellowork.com/fr-fr/emplois/38675006.html
Applied,Thalès,Data Engineer,Crawlex,Carrer Site,,13/09/2023,Offer,,,,,,,https://careers.thalesgroup.com/global/en/job/R0226574/Data-Engineer
Rejected,Criteo,AI,,Carrer Site,Hybrid,13/09/2023,Offer,,,,,,21/09/2023,https://careers.criteo.com/en/jobs/r17059/machine-learning-engineer/
Applied,Life Plus IO,Data Engineer,Paris,LinkedIn,Hybrid,13/09/2023,Offer,,,,,,,https://www.linkedin.com/jobs/view/3719086337
Applied,Noda,DevOps Engineer,Latvia,LinkedIn,Remote,13/09/2023,Offer,,,,,,,https://www.linkedin.com/jobs/view/3719336863
Applied,Gaming Innovation Group,DevOps Engineer,Malta,LinkedIn,Remote,13/09/2023,Offer,,,,,,,https://www.linkedin.com/jobs/view/3714672769
Applied,PwC,Data Engineer,Neuilly-sur-Seine,Carrer Site,,13/09/2023,Offer,,,,,,,https://www.pwc.com/gx/en/careers/student-job-search/description.html?wdjobreqid=388209WD
Rejected,PwC,Data Analyst,Neuilly-sur-Seine,Carrer Site,,13/09/2023,Offer,,,,,,10/10/2023,https://www.pwc.com/gx/en/careers/student-job-search/description.html?wdjobreqid=388198WD
Rejected,PwC,Data Analyst,Neuilly-sur-Seine,Carrer Site,,13/09/2023,Offer,,,,,,20/09/2023,https://www.pwc.com/gx/en/careers/student-job-search/description.html?wdjobreqid=412646WD
Applied,S4E - Energysoft,Data Scientist,Lorient,LinkedIn,On-site,13/09/2023,Offer,,,,,,,https://www.linkedin.com/jobs/view/3719355185
Applied,Alcimed,Data Scientist,Lyon,Welcome to the Jungle,Hybrid,13/09/2023,Offer,,,,,,,https://www.welcometothejungle.com/fr/companies/alcimed/jobs/consultant-data-scientist-healthcare-lyon_lyon?q=6a8cf313140f23f53c2822bdaa6cae60&o=1555101
Rejected,La Banque Postale,Data Scientist,Paris,Welcome to the Jungle,,13/09/2023,Offer,,,,,,25/10/2023,https://www.welcometothejungle.com/fr/companies/la-banque-postale/jobs/inspecteur-audit-data-f-h_paris?q=6a8cf313140f23f53c2822bdaa6cae60&o=2061410
Rejected,BPCE,Data Engineer,Nantes,Welcome to the Jungle,,13/09/2023,Offer,,,,,,29/09/2023,https://www.welcometothejungle.com/fr/companies/groupe-bpce/jobs/data-ingenieur-h-f-nantes-lille_nantes?q=6a8cf313140f23f53c2822bdaa6cae60&o=2060190
Rejected,Acti Conseils,Data Scientist,Blagnac,Pole emploi,,15/09/2023,Offer,,,,,,18/09/2023,https://candidat.pole-emploi.fr/offres/recherche/detail/161MJML
Applied,Equancy,Data Scientist,Paris,Pole emploi,,15/09/2023,Offer,,,,,,,https://candidat.pole-emploi.fr/offres/recherche/detail/161MDNQ
Applied,Valeo,AI,Créteil,Carrer Site,Hybrid,15/09/2023,Offer,,,,,,,https://valeo.wd3.myworkdayjobs.com/fr-FR/valeo_jobs/job/Engineering-Software-Engineer_REQ2023010414
Applied,Valeo,AI,Créteil,Carrer Site,,15/09/2023,Offer,,,,,,,https://valeo.wd3.myworkdayjobs.com/en-US/valeo_jobs/job/AI-Software-Engineer-3D-LIDAR-Perception_REQ2023019259-1
Rejected,Contentsquare,Data Engineer,Paris,LinkedIn,,15/09/2023,Offer,,,,,,15/09/2023,https://www.linkedin.com/jobs/view/3706109664
Rejected,Simplon.co,Data Analyst,Montreuil,LinkedIn,Hybrid,15/09/2023,Offer,,,,,,19/09/2023,https://www.linkedin.com/jobs/view/3716354454
Applied,Alcimed,Data Scientist,Lyon,LinkedIn,On-site,15/09/2023,Offer,,,,,,,https://www.linkedin.com/jobs/view/3720165474
Applied,Synamedia,DataOps Engineer,Rennes,LinkedIn,,15/09/2023,Offer,,,,,,,https://www.linkedin.com/jobs/view/3720186305
Applied,Inediia,Data Engineer,Lille,LinkedIn,Hybrid,15/09/2023,Offer,,,,,,,https://www.linkedin.com/jobs/view/3721086870
Applied,ALFI : Financial Markets Consultancy Services,DevOps Engineer,Paris,LinkedIn,Hybrid,15/09/2023,Offer,,,,,,,https://www.linkedin.com/jobs/view/3716347895
Rejected,SFEIR,AI,Paris,Carrer Site,Hybrid,15/09/2023,Offer,,,,,,19/09/2023,https://jobs.lever.co/sfeir/855fb392-7f02-49d8-8f2c-b9f05d615dba?source=6
Applied,Prima,Data Scientist,Milano,Carrer Site,,15/09/2023,Offer,,,,,,,https://www.helloprima.com/careers/jobs/data-scientist-fb887daaec
Applied,CLIKA Inc.,AI,Seoul,LinkedIn,On-site,15/09/2023,Offer,,,,,,,https://www.linkedin.com/jobs/view/3713483330
Applied,SFEIR,Data Engineer,Bruxelles,Carrer Site,Hybrid,15/09/2023,Offer,,,,,,,https://jobs.lever.co/sfeir/5b8e1e49-bf16-4b39-9543-20303f8a6a04
Applied,SFEIR,Data Engineer,Luxembourg,Carrer Site,Hybrid,15/09/2023,Offer,,,,,,,https://jobs.lever.co/sfeir/cecd395e-c1d5-4af7-9378-8fa3f5a28212
Rejected,SFEIR,Data Engineer,Nantes,Carrer Site,Hybrid,15/09/2023,Offer,,,,,,22/09/2023,https://jobs.lever.co/sfeir/6e903ae7-d2eb-41cb-8a3b-9046b1a965b9
Applied,Inetum,DevOps Engineer,Sophia Antopolis,LinkedIn,On-site,15/09/2023,Offer,,,,,,,https://www.linkedin.com/jobs/view/3600911730
Rejected,Devoteam,DevOps Engineer,Lille,LinkedIn,On-site,15/09/2023,Offer,,,,,,20/09/2023,https://www.linkedin.com/jobs/view/3163053761
Applied,INEDIIA,Data Scientist,Paris,LinkedIn,Hybrid,17/09/2023,Offer,,,,,,,https://www.linkedin.com/jobs/view/3721316956
Applied,Adservio Group,Data Engineer,Puteaux,LinkedIn,On-site,18/09/2023,Offer,,,,,,,https://www.linkedin.com/jobs/view/3718631621
Rejected,Fortil,DevOps Engineer,Strasbourgh,Carrer Site,,18/09/2023,Offer,,,,,,18/09/2023,https://fortil.group/fr/offres-demploi/offre-demploi/?jobid=8867-81
Applied,Fortil,Data Scientist,,Carrer Site,,18/09/2023,Spontaneous,,,,,,,
Applied,Fortil,DevOps Engineer,Brest,Carrer Site,,18/09/2023,Offer,,,,,,,https://fortil.group/fr/offres-demploi/offre-demploi/?jobid=8679-69
Applied,Fortil,DevOps Engineer,Rennes,Carrer Site,,18/09/2023,Offer,,,,,,,https://fortil.group/fr/offres-demploi/offre-demploi/?jobid=6613-11
Applied,Fortil,Data Analyst,Lille,Carrer Site,,18/09/2023,Offer,,,,,,,https://fortil.group/fr/offres-demploi/offre-demploi/?jobid=8788-96
Applied,Fortil,DevOps Engineer,Nantes,Carrer Site,,18/09/2023,Offer,,,,,,,https://fortil.group/fr/offres-demploi/offre-demploi/?jobid=6272-25
Applied,Fortil,Data Engineer,Lille,Carrer Site,,18/09/2023,Offer,,,,,,,https://fortil.group/fr/offres-demploi/offre-demploi/?jobid=8787-90
Applied,Fortil,DevOps Engineer,Lille,Carrer Site,,18/09/2023,Offer,,,,,,,https://fortil.group/fr/offres-demploi/offre-demploi/?jobid=7421-73
Applied,Atos,Data Scientist,Timisoara,Carrer Site,,18/09/2023,Offer,,,,,,,https://jobs.atos.net/job/Timisoara-Data-Scientist-300088/961833201/
Applied,Thalès,Data Scientist,Limours,Carrer Site,,18/09/2023,Offer,,,,,,,https://careers.thalesgroup.com/global/en/job/R0186457/Data-scientist-Radar-F-H
Applied,Thalès,Data Engineer,Valbonne,Carrer Site,,18/09/2023,Offer,,,,,,,https://careers.thalesgroup.com/global/en/job/R0228444/Data-Engineer-H-F
Rejected,Thalès,Data Engineer,Bristol,Carrer Site,,18/09/2023,Offer,,,,,,18/09/2023,https://careers.thalesgroup.com/global/en/job/R0227224/Data-Engineer
Applied,Thalès,Data Engineer,Crawley,Carrer Site,,18/09/2023,Offer,,,,,,,https://careers.thalesgroup.com/global/en/job/R0226574/Data-Engineer
Applied,Thalès,DevOps Engineer,"Vélizy-Villacoublay,",Carrer Site,,18/09/2023,Offer,,,,,,,https://careers.thalesgroup.com/global/en/job/R0216497/Ing%C3%A9nieur-DevOps-Cloud-F-H
Applied,Devoteam,Data Engineer,Lille,LinkedIn,Hybrid,18/09/2023,Offer,,,,,,,https://www.linkedin.com/jobs/view/3683593482
Applied,Inetum,DevOps Engineer,Montpellier,LinkedIn,On-site,18/09/2023,Offer,,,,,,,https://www.linkedin.com/jobs/view/3451230655
Applied,Devoteam,DevOps Engineer,Levallois-Perret,LinkedIn,Hybrid,18/09/2023,Offer,,,,,,,https://www.linkedin.com/jobs/view/3683590709
Applied,La Banque Postale,Data Analyst,Paris,LinkedIn,On-site,18/09/2023,Offer,,,,,,,https://www.linkedin.com/jobs/view/3718937576
Applied,Enjoyourtalent,DevOps Engineer,Spain,LinkedIn,Remote,18/09/2023,Offer,,,,,,,https://www.linkedin.com/jobs/view/3718928864
Applied,Heva,Data Scientist,Lyon,LinkedIn,Hybrid,18/09/2023,Offer,,,,,,,https://www.linkedin.com/jobs/view/3718930552
Applied,Capgemini,Data Scientist,Paris,Carrer Site,,18/09/2023,Offer,,,,,,,https://www.capgemini.com/fr-fr/jobs/F_yMZooB4aWPH5cPl2mS/cdi-consultant-data-paris-fh/
Applied,Linksium,DataOps Engineer,Annecy,LinkedIn,Hybrid,18/09/2023,Offer,,,,,,,https://www.linkedin.com/jobs/view/3712698665
Applied,MP Data,Data Scientist,,Welcome to the Jungle,Hybrid,18/09/2023,Offer,,,,,,,https://www.welcometothejungle.com/fr/companies/mp-data/jobs/data-scientist-data-engineer
Applied,Grant Thornton,Data Analyst,Neuilly,Carrer Site,,18/09/2023,Offer,,,,,,,https://carrieres.grant-thornton.fr/fr/annonce/2075305-consultant-data-analytics-publicbanque-neuilly-hf-92200-neuilly-sur-seine
Applied,Eleven Strategy,Data Scientist,Paris,Welcome to the Jungle,Hybrid,18/09/2023,Offer,,,,,,,https://www.welcometothejungle.com/fr/companies/eleven-strategy/jobs/consultant-en-strategie-data-scientist_paris
Rejected,Jagex,Data Scientist,Cambridge,LinkedIn,Remote,18/09/2023,Offer,,,,,,21/09/2023,https://www.linkedin.com/jobs/view/3718946789
Applied,SoyHuCE,AI,Paris,LinkedIn,Hybrid,18/09/2023,Offer,,,,,,,https://www.linkedin.com/jobs/view/3723731378
Applied,Kayak,Data Analyst,Amsterdam,LinkedIn,Hybrid,18/09/2023,Offer,,,,,,,https://www.linkedin.com/jobs/view/3715813502
Applied,Edenred,Data Scientist,Paris,Carrer Site,,18/09/2023,Offer,,,,,,,
Rejected,Servier,Data Scientist,Suresnes,Carrer Site,,18/09/2023,Offer,,,,,,23/09/2023,https://jobs.servier.com/servier/job/SURESNES-Data-Scientist-Marketing-(H-F)/938284755/
Applied,Nextra,Data Engineer,Marseille,LinkedIn,Hybrid,19/09/2023,Offer,,,,,,,https://www.linkedin.com/jobs/view/3713122883
Applied,Neosoft,Data Engineer,Lille,LinkedIn,Hybrid,19/09/2023,Offer,,,,,,,https://www.linkedin.com/jobs/view/3705389718
Rejected,PREREQUIS,Data Engineer,Rennes,LinkedIn,Hybrid,19/09/2023,Offer,,,,,,26/09/2023,https://www.linkedin.com/jobs/view/3720747109
Rejected,Amaris Consulting,Data Engineer,Lille,Carrer Site,,19/09/2023,Offer,,,,,,19/09/2023,https://careers.mantu.com/brands/amaris-consulting/jobs/29040
Applied,Amiltone,Data Engineer,Toulon,LinkedIn,,19/09/2023,Offer,,,,,,,https://www.linkedin.com/jobs/view/3715884264
Rejected,Cleyrop,Software Engineer,Paris,LinkedIn,Hybrid,19/09/2023,Offer,,,,,,21/09/2023,https://www.linkedin.com/jobs/view/3716461062
Applied,TotalEnergies,,,Carrer Site,,19/09/2023,Spontaneous,,,,,,,
Applied,Urban Linker,Software Engineer,Paris,LinkedIn,Hybrid,19/09/2023,Offer,,,,,,,https://www.linkedin.com/jobs/view/3723682587
Applied,tocco,Software Engineer,Paris,LinkedIn,Hybrid,19/09/2023,Offer,,,,,,,https://www.linkedin.com/jobs/view/3723661111
Applied,IDEMIA,,,LinkedIn,,19/09/2023,Offer,,,,,,,https://www.linkedin.com/jobs/view/3720759161
Rejected,Dataiku,Software Engineer,Paris,Carrer Site,Hybrid,19/09/2023,Offer,,,,,,22/09/2023,https://www.dataiku.com/careers/job/?id=4908285004
Rejected,Dataiku,Software Engineer,Paris,Carrer Site,Hybrid,19/09/2023,Offer,,,,,,25/09/2023,https://www.dataiku.com/careers/job/?id=4908287004
Rejected,N26,Data Scientist,Barcelona,Carrer Site,Hybrid,19/09/2023,Offer,,,,,,26/09/2023,https://n26.com/en/careers/positions/5300646?gh_jid=5300646
Turn down,REDLab,Data Analyst,Rouen,LinkedIn,Hybrid,19/09/2023,Offer,,,,,,10/11/2023,https://www.linkedin.com/jobs/view/3716925145
Applied,tricefal,Data Scientist,,Reach-out,,19/09/2023,Spontaneous,,,,,,,
Applied,France Télévisions,Data Scientist,Paris,Carrer Site,On-site,19/09/2023,Offer,,,,,,,https://recrutement.francetelevisions.fr/job/Paris-Data-Scientist-Data-Intelligence-&-Computeur-Vision-IT-T/955361055/
Applied,SOFTEAM,Data Engineer,Paris,LinkedIn,Hybrid,19/09/2023,Offer,,,,,,,https://www.linkedin.com/jobs/view/3719361455
Applied,Polyconseil,Data Engineer,Paris,LinkedIn,Hybrid,19/09/2023,Offer,,,,,,,https://www.linkedin.com/jobs/view/3718929775
Applied,DCG,Data Scientist,Poland,LinkedIn,Remote,19/09/2023,Offer,,,,,,,https://www.linkedin.com/jobs/view/3720785243
Applied,Kaino,Data Architect,Nantes,LinkedIn,Hybrid,19/09/2023,Offer,,,,,,,https://www.linkedin.com/jobs/view/3717736742
Applied,Devoteam,Cloud Engineer,Lille,LinkedIn,Hybrid,19/09/2023,Offer,,,,,,,https://www.linkedin.com/jobs/view/3720493614
Rejected,Homa,Data Engineer,Paris,LinkedIn,On-site,20/09/2023,Offer,,,,,,27/09/2023,https://www.linkedin.com/jobs/view/3720796175
Rejected,Valeo,AI,Créteil,Carrer Site,,20/09/2023,Offer,,,,,,02/10/2023,https://valeo.wd3.myworkdayjobs.com/fr-FR/valeo_jobs/job/Crteil/Artificial-Intelligence-Engineer-H-F_REQ2023022732
Rejected,Idoven,Data Scientist,Madrid,LinkedIn,Remote,20/09/2023,Offer,,,,,,25/09/2023,https://www.linkedin.com/jobs/view/3716938071
Applied,harnham,Data Engineer,Paris,LinkedIn,Hybrid,20/09/2023,Offer,,,,,,,https://www.linkedin.com/jobs/view/3724510042
Applied,Inetum,Data Engineer,Courbevoie,LinkedIn,On-site,20/09/2023,Offer,,,,,,,https://www.linkedin.com/jobs/view/3521828215
Applied,SII,Data Engineer,Lille,Carrer Site,,20/09/2023,Offer,,,,,,,https://sii-group.com/fr-FR/offers/data/data-engineer-secteur-retail-fh
Applied,SII,Data Engineer,Lille,Carrer Site,,20/09/2023,Offer,,,,,,,https://sii-group.com/fr-FR/offers/data/data-engineer-secteur-bancaire-fh
Applied,Stack Labs,Data Engineer,Toulouse,LinkedIn,Hybrid,20/09/2023,Offer,,,,,,,https://www.linkedin.com/jobs/view/3720763778
Rejected,Mobiskill,DevOps Engineer,Paris,LinkedIn,On-site,20/09/2023,Offer,,,,,,21/09/2023,https://www.linkedin.com/jobs/view/3718201667
Applied,Axéréal,Data Scientist,,Carrer Site,,20/09/2023,Spontaneous,,,,,,,
Applied,Axéréal,Data Engineer,Olivet,Carrer Site,,20/09/2023,Offer,,,,,,,
Rejected,SOCOTEC,Data Scientist,Palaiseau,Pole emploi,,20/09/2023,Offer,,,,,,13/10/2023,https://candidat.pole-emploi.fr/offres/recherche/detail/161VQBN
Applied,Thalès,Software Engineer,Toulouse,Carrer Site,,20/09/2023,Offer,,,,,,,https://careers.thalesgroup.com/global/en/job/R0227361/Ing%C3%A9nieur-D%C3%A9veloppement-Logiciel-ATC-Air-Traffic-Control-H-F
Applied,DataScientest,Data Engineer,Puteaux,Welcome to the Jungle,Hybrid,20/09/2023,Offer,,,,,,,https://www.welcometothejungle.com/fr/companies/datascientest/jobs/data-engineer-h-f-cdi_puteaux_DATAS_ZMLPerq
Rejected,Spinergie,Software Engineer,Paris,Welcome to the Jungle,Hybrid,20/09/2023,,,,,,,10/11/2023,https://www.welcometothejungle.com/fr/companies/spinergie/jobs/software-engineer_paris?q=0c5ebed048bdd9178789747ebebb948c&o=1207592
Applied,Skillwise,Data Engineer,Paris,LinkedIn,On-site,21/09/2023,Offer,,,,,,,https://www.linkedin.com/jobs/view/3724789201
Applied,CHU de Reims,Data Scientist,Reims,Carrer Site,On-site,21/09/2023,Offer,,,,,,,https://www.chu-reims.fr/carrieres/politique-recrutement/offres-demploi/data-scientist-hf
Rejected,Exotec,AI,Lille,Carrer Site,On-site,21/09/2023,Offer,,,,,,25/09/2023,https://careers.exotec.com/_/j/38C36AF24B
Rejected,akeneo,Data Scientist,Paris,Carrer Site,Hybrid,21/09/2023,Offer,,22/09/2023 10:30,25/09/2023 10:00,,,10/10/2023,https://careers.akeneo.com/jobs/3189797-data-scientist
Applied,Goupe LGM,Data Engineer,Grenoble,LinkedIn,On-site,21/09/2023,Offer,,,,,,,https://www.linkedin.com/jobs/view/3719530488
Applied,,Data Scientist,Epernay,Pole emploi,,21/09/2023,Offer,,,,,,,https://candidat.pole-emploi.fr/offres/recherche/detail/161XKKR
Rejected,Sophia Genetics,Data Scientist,Bordeaux,Carrer Site,,21/09/2023,Offer,,,,,,16/10/2023,https://careers.sophiagenetics.com/jobs/44694c01-43ae-4346-b8e8-487db3b00b5d
Applied,CapGemini,Software Engineer,Paris,LinkedIn,Hybrid,21/09/2023,Offer,,,,,,,https://www.linkedin.com/jobs/view/3719506940
Applied,Astek,Data Engineer,Lille,Carrer Site,,21/09/2023,Offer,,,,,,,https://astekjob.fr/jobs/data-engineer-lille-france-h-f-3/
Applied,EOS France,Data Engineer,Paris,LinkedIn,On-site,21/09/2023,Offer,,,,,,,https://www.linkedin.com/jobs/view/3712838319
Applied,Crédit Agricole,Data Engineer,Montpellier,LinkedIn,Hybrid,21/09/2023,Offer,,,,,,,https://www.linkedin.com/jobs/view/3716087744
Applied,DGSE,Data Analyst,Paris,LinkedIn,On-site,22/09/2023,Offer,,,,,,,https://www.linkedin.com/jobs/view/3721172273
Applied,Orange,Data Scientist,Belfort,Carrer Site,,22/09/2023,Offer,,,,,,,https://orange.jobs/jobs/v3/offers/129562
Applied,Sophia Genetics,AI,Bordeaux,Carrer Site,,22/09/2023,Offer,,,,,,,https://careers.sophiagenetics.com/jobs/44694c01-43ae-4346-b8e8-487db3b00b5d
Applied,Dataiku,Software Engineer,Netherlands,Carrer Site,Remote,25/09/2023,Offer,,,,,,,https://boards.greenhouse.io/dataikujobs/jobs/4971708004
Applied,Descartes Underwriting,Data Scientist,Paris,LinkedIn,Hybrid,25/09/2023,Offer,,,,,,,https://www.linkedin.com/jobs/view/3727804951
Applied,AIKO,AI,Toulouse,LinkedIn,Remote,26/09/2023,Offer,,,,,,,https://www.linkedin.com/jobs/view/3727896248
Rejected,DLL,Data Analyst,Antwerp,LinkedIn,Remote,26/09/2023,Offer,,,,,,29/09/2023,https://www.linkedin.com/jobs/view/3727814189
Applied,Revolut,Data Scientist,Portugal,LinkedIn,Remote,26/09/2023,Offer,,,,,,,https://www.linkedin.com/jobs/view/3723319796
Applied,LocalSolver,Software Engineer,Paris,LinkedIn,Hybrid,26/09/2023,Offer,,,,,,,https://www.linkedin.com/jobs/view/3722405914
Applied,Devoteam,Data Engineer,Levallois-Perret,LinkedIn,,26/09/2023,Offer,,,,,,,https://www.linkedin.com/jobs/view/3163051864
Applied,Recticel,Data Scientist,Ghent,LinkedIn,Hybrid,26/09/2023,Offer,,,,,,,https://www.linkedin.com/jobs/view/3728147668
Applied,La Banque Postale,Data Scientist,Issy-les-Moulineaux,Apec,,26/09/2023,Offer,,,,,,,https://www.apec.fr/candidat/recherche-emploi.html/emploi/detail-offre/172021115W
Applied,LTD,Data Scientist,Paris,Pole emploi,,26/09/2023,Offer,,,,,,,https://candidat.pole-emploi.fr/offres/recherche/detail/161ZMYH
Applied,WISP Solutions,Data Scientist,Vincennes,Pole emploi,,26/09/2023,Offer,,,,,,,https://candidat.pole-emploi.fr/offres/recherche/detail/161TCJQ
Rejected,Lenstra,Software Engineer,Paris,Carrer Site,Hybrid,26/09/2023,Offer,,,,,,29/09/2023,https://www.lenstra.co/en/careers/software-engineer-hashicorp-specialised-team-5f4afb41-2468-4b06-a852-250a9064d652/
Applied,Davricourt,Data Scientist,Beauvais,Apec,Hybrid,26/09/2023,Offer,,,,,,,https://www.apec.fr/candidat/recherche-emploi.html/emploi/detail-offre/172040497W
Applied,Numberly,Data Analyst,Paris,Carrer Site,,26/09/2023,Offer,,,,,,,https://jobs.smartrecruiters.com/Numberly/743999932879603-data-analyst-programmatique
Applied,Capgemini,AI,Strasbourg,LinkedIn,Hybrid,26/09/2023,Offer,,,,,,,https://www.linkedin.com/jobs/view/3714346761
Applied,Fluves,AI,Ghent,LinkedIn,Hybrid,26/09/2023,Offer,,,,,,,https://www.linkedin.com/jobs/view/3728180893
Applied,PREREQUIS,Data Engineer,Paris,LinkedIn,Hybrid,26/09/2023,Offer,,,,,,,https://www.linkedin.com/jobs/view/3727014834
Applied,Cofidis,Data Analyst,Villeneuve-d'Ascq,Carrer Site,,27/09/2023,Offer,,,,,,,https://www.cofidis-recrute.fr/fr/offre.html?annonce=81427
Applied,Datadog,Data Scientist,,Carrer Site,,27/09/2023,Offer,,,,,,,https://careers.datadoghq.com/detail/1796891
Applied,Urban Linker,Software Engineer,Paris,LinkedIn,Hybrid,27/09/2023,Offer,,,,,,,https://www.linkedin.com/jobs/view/3728144781
Rejected,Wisebim,AI,La Motte-Servolex,HelloWork,Hybrid,27/09/2023,Offer,,02/10/2023 11:00,11/10/2023 13:30,18/10/2023 9:00,20/10/2023,23/10/2023,https://www.hellowork.com/fr-fr/emplois/40559597.html
Rejected,OMP,Software Engineer,Ghent,Carrer Site,Hybrid,27/09/2023,Offer,,,,,,02/10/2023,https://careers.omp.com/jobs/belgium-ghent/data-science-software-engineer-4220553101
Applied,MedBoard,Data Scientist,Spain,LinkedIn,Remote,27/09/2023,Offer,,,,,,,https://www.linkedin.com/jobs/view/3727015629
Applied,ShopFully,Data Engineer,Italy,LinkedIn,Remote,27/09/2023,Offer,,,,,,,https://www.linkedin.com/jobs/view/3728312536
Applied,Fujitsu,AI,Portagul,LinkedIn,Remote,27/09/2023,Offer,,,,,,,https://www.linkedin.com/jobs/view/3728181613
Applied,Staffsource,Data Scientist,Netherlands,Carrer Site,Remote,27/09/2023,Offer,,,,,,,https://app.webbtree.com/company/staffsource/jobs/junior-data-scientist--full-time-remote-12fcf8
Applied,Nuclia,Software Engineer,Spain,LinkedIn,Remote,27/09/2023,Offer,,,,,,,https://www.linkedin.com/jobs/view/3728182457
Applied,TalentsIT,Data Engineer,Orléans,Carrer Site,,27/09/2023,Offer,,,,,,,https://www.talentsit.fr/emplois/46215-ingenieur-data/
Applied,OTTEO,Data Engineer,Lille,Cadremploi,,27/09/2023,Offer,,,,,,,https://www.cadremploi.fr/emploi/detail_offre?offreId=156352411245989473
Applied,AnotherBrain,AI,Paris,LinkedIn,Hybrid,28/09/2023,Offer,,,,,,,https://www.linkedin.com/jobs/view/3727547720
Rejected,CS GROUP,Data Engineer,Toulouse,LinkedIn,Hybrid,28/09/2023,Offer,,,,,,25/10/2023,https://www.linkedin.com/jobs/view/3727929510
Rejected,Printemps,Data Scientist,Paris,Carrer Site,,28/09/2023,Offer,,,,,,10/11/2023,https://printemps-career.talent-soft.com/Pages/Offre/detailoffre.aspx?idOffre=2766
Applied,Printemps,Data Scientist,,Carrer Site,,28/09/2023,Spontaneous,,,,,,,
Rejected,Free,Data Scientist,Paris,Carrer Site,Hybrid,28/09/2023,Offer,,,,,,26/10/2023,https://recrutement.iliad.fr/offre/97598?idt=51&idt=13
Rejected,Equativ,Data Scientist,Paris,LinkedIn,Hybrid,28/09/2023,Offer,,,,,,06/10/2023,https://www.linkedin.com/jobs/view/3725578272
Rejected,Sia Partners,AI,Paris,LinkedIn,On-site,28/09/2023,Offer,,,,,,06/10/2023,https://www.linkedin.com/jobs/view/3726274462
Rejected,Sia Partners,Data Engineer,Paris,LinkedIn,On-site,28/09/2023,Offer,,,,,,06/10/2023,https://www.linkedin.com/jobs/view/3726275259
Applied,AI-Stroke,AI,Montpellier,LinkedIn,,02/10/2023,Offer,,,,,,,https://www.linkedin.com/jobs/view/3730213579
Applied,DGA,AI,Bruz,Carrer Site,On-site,19/10/2023,Offer,,,,,,,https://ict-tct.contractuels.civils.defense.gouv.fr/offresdemploi/expert-en-intelligence-artificielle-f-h-540d5ee5-5244-4116-8af1-74d613aa2d41
Applied,DGA,AI,Bruz,Carrer Site,On-site,19/10/2023,Offer,,,,,,,https://ict-tct.contractuels.civils.defense.gouv.fr/offresdemploi/ingenieur-reseau-et-telecom-et-ia-f-h
Rejected,Criteo,Data Scientist,Paris,Carrer Site,Hybrid,25/10/2023,Offer,,,,,,27/10/2023,https://careers.criteo.com/en/jobs/r17211/sustainability-product-data-scientist/
Applied,TotalEnergies,Data Scientist,Paris,Carrer Site,On-site,26/10/2023,Offer,,,,,,,https://totaldigitalfactory-career.talent-soft.com/Pages/Offre/detailoffre.aspx?idOffre=79
Applied,Jaji,Data Scientist,Paris,Pole emploi,Hybrid,26/10/2023,Offer,,,,,,,https://candidat.pole-emploi.fr/offres/recherche/detail/163SCGH
Applied,DGA,AI,Bruz,Carrer Site,On-site,26/10/2023,Offer,,,,,,,https://ict-tct.contractuels.civils.defense.gouv.fr/offresdemploi/ingenieur-specialise-en-traitement-et-exploitation-d-images-f-h
Applied,Hexamind,AI,Paris,LinkedIn,Hybrid,26/10/2023,Offer,,,,,,,https://www.linkedin.com/jobs/view/3749526889
Applied,Trimble,AI,Gentilly,Carrer Site,,26/10/2023,Offer,,,,,,,https://trimble.wd1.myworkdayjobs.com/TrimbleCareers/job/France---Gentilly/AI-Engineer_R42286
Applied,MP Data,Data Scientist,Bourgogne,LinkedIn,Hybrid,26/10/2023,Offer,,,,,,,https://www.linkedin.com/jobs/view/3747484944
Applied,Sia Partners,Data Scientist,Lyon,LinkedIn,On-site,27/10/2023,Offer,,,,,,,https://www.linkedin.com/jobs/view/3744339062
Rejected,Seyos,Data Engineer,Nantes,LinkedIn,On-site,27/10/2023,Offer,,,,,,28/10/2023,https://www.linkedin.com/jobs/view/3749635857
Applied,ALTAROAD,Data Scientist,Paris,Pole emploi,,27/10/2023,Offer,,,,,,,https://candidat.pole-emploi.fr/offres/recherche/detail/163MZML
Applied,Sia Partners,AI,Paris,LinkedIn,On-site,27/10/2023,Offer,,,,,,,https://www.linkedin.com/jobs/view/3744337631
Rejected,Saint-Gobain,Data Scientist,Aubervilliers,Carrer Site,,27/10/2023,Offer,,,,,,07/11/2023,https://joinus.saint-gobain.com/fr/fra/red/p/65511/184490/ingenieure-de-recherche-en-data-science-recherche-operationnelle
Applied,Akkodis,Data Scientist,Courbevoie,Apec,,27/10/2023,Offer,,,,,,,https://www.apec.fr/candidat/recherche-emploi.html/emploi/detail-offre/172262246W
Applied,Digimind,AI,Grenoble,Pole emploi,Hybrid,30/10/2023,Offer,,,,,,,https://www.linkedin.com/jobs/view/3721257609
Applied,Fidérim,Data Engineer,Annecy,HelloWork,,30/10/2023,Offer,,,,,,,https://www.hellowork.com/fr-fr/emplois/41940933.html
Applied,Safran,Data Scientist,Montereau-sur-le-Jard,HelloWork,,30/10/2023,Offer,,,,,,,https://www.hellowork.com/fr-fr/emplois/41699393.html
Rejected,Groupe Beaumanoir,Data Scientist,Saint-Malo,HelloWork,,30/10/2023,Offer,,,,,,17/11/2023,https://www.hellowork.com/fr-fr/emplois/41895897.html
Applied,AOSIS,Data Scientist,Lyon,HelloWork,,30/10/2023,Offer,,,,,,,https://www.hellowork.com/fr-fr/emplois/38454072.html
Applied,Reactis Services,Data Scientist,Boulogne-Billancourt,HelloWork,,30/10/2023,Offer,,,,,,,https://www.hellowork.com/fr-fr/emplois/17374154.html
Rejected,Solutec,Data Scientist,Toulouse,Carrer Site,,30/10/2023,Offer,,,,,,03/11/2023,https://krb-sjobs.brassring.com/TGnewUI/Search/home/HomeWithPreLoad?partnerid=30124&siteid=6451&PageType=JobDetails&jobid=1885601#jobDetails=1885601_6451
Rejected,Solutec,Data Scientist,Paris,Carrer Site,,30/10/2023,Spontaneous,,,,,,04/11/2023,
Rejected,Safran,Data Engineer,Colombes,HelloWork,,30/10/2023,Offer,,,,,,30/10/2023,https://www.hellowork.com/fr-fr/emplois/40749544.html
Applied,Scalian,AI,Leuven,LinkedIn,Hybrid,30/10/2023,Offer,,,,,,,https://www.linkedin.com/jobs/view/3749564414
Applied,Orthogrid,AI,France,Carrer Site,,30/10/2023,Spontaneous,,,,,,,
Rejected,Devoteam,Data Engineer,Lille,LinkedIn,Hybrid,30/10/2023,Offer,,,,,,01/11/2023,https://www.linkedin.com/jobs/view/3740096599
Rejected,IDEMIA,Software Engineer,Paris,Carrer Site,,30/10/2023,Offer,,,,,,13/11/2023,https://careers.idemia.com/job/Courbevoie-Ing%C3%A9nieur-Logiciel-Software-Engineer-92400/869738101/
Applied,Joinrs,AI,Paris,Carrer Site,,30/10/2023,Spontaneous,,,,,,,
Applied,Joinrs,AI,Paris,Carrer Site,,30/10/2023,Offer,,,,,,,https://www.joinrs.com/fr/job-offers/18755/
Applied,Abylsen,Data Analyst,Bruxelles,Carrer Site,,30/10/2023,Offer,,,,,,,https://mon-vie-via.businessfrance.fr/offres/205417
Applied,Club Med,Data Analyst,Montréal,Carrer Site,,30/10/2023,Offer,,,,,,,https://mon-vie-via.businessfrance.fr/offres/205332
Applied,ERAMET,Data Analyst,Libreville,Carrer Site,,30/10/2023,Offer,,,,,,,https://mon-vie-via.businessfrance.fr/offres/205373
Applied,TMC,Data Scientist,Bruxelles,Carrer Site,,30/10/2023,Offer,,,,,,,https://mon-vie-via.businessfrance.fr/offres/205130
Applied,ERAMET,Data Analyst,Diogo,Carrer Site,,30/10/2023,Offer,,,,,,,https://mon-vie-via.businessfrance.fr/offres/205117
Applied,GIE Corum Butler,Data Scientist,Lisbon,Carrer Site,,30/10/2023,Offer,,,,,,,https://mon-vie-via.businessfrance.fr/offres/204467
Applied,Airbus,Data Scientist,Marseille,Carrer Site,,30/10/2023,Offer,,,,,,,https://ag.wd3.myworkdayjobs.com/en-US/Airbus/job/Marseille-Area/Data-Scientist-H-F_JR10231631
Applied,Pro à Pro,Data Analyst,Montauban,Apec,,30/10/2023,Offer,,,,,,,https://www.apec.fr/candidat/recherche-emploi.html/emploi/detail-offre/172159073W
Applied,Gamgee BV,Data Scientist,Nertherlands,LinkedIn,Remote,31/10/2023,Offer,,,,,,,https://www.linkedin.com/jobs/view/3754779558
Applied,Blockchain.com,Data Engineer,Paris,LinkedIn,Remote,31/10/2023,Offer,,,,,,,https://www.linkedin.com/jobs/view/3754639711
Applied,Blockchain.com,Data Engineer,Lacaussade,LinkedIn,Remote,31/10/2023,Offer,,,,,,,https://www.linkedin.com/jobs/view/3754637952
Rejected,padao,Data Engineer,Paris,LinkedIn,On-site,31/10/2023,Offer,,,,,,06/11/2023,https://www.linkedin.com/jobs/view/3750167595
Rejected,BearingPoint,Data Analyst,Paris,LinkedIn,On-site,31/10/2023,Offer,,,,,,04/11/2023,https://www.linkedin.com/jobs/view/3754281393
Applied,OXO Team,Data Scientist,Clermont-Ferrand,Apec,,31/10/2023,Offer,,,,,,,https://www.apec.fr/candidat/recherche-emploi.html/emploi/detail-offre/172055976W?xtor=AL-406
Accepted,MP Data,Data Engineer,,Pole emploi,,31/10/2023,Offer,06/11/2023,06/11/2023 14:00,,,,09/11/2023,https://candidat.pole-emploi.fr/offres/recherche/detail/164CFQH
Applied,ALTEN,Data Scientist,Rennes,Carrer Site,,31/10/2023,Offer,,,,,,,https://www.alten.fr/jobs/743999938177704-ingenieur-datascience-h-f/
Applied,ALTEN,AI,Rennes,Carrer Site,,31/10/2023,Offer,,,,,,,https://www.alten.fr/jobs/743999938180503-ingenieur-ia-h-f/
Applied,Showroomprivé,Data Scientist,Saint-Denis,Welcome to the Jungle,Hybrid,31/10/2023,Offer,,,,,,,https://www.welcometothejungle.com/fr/companies/showroomprive/jobs/data-scientist-h-f_saint-denis_SHOWR_4glKMw8
Rejected,Mawenzi Partners,Data Scientist,Paris,Welcome to the Jungle,Hybrid,31/10/2023,Offer,,,,,,31/10/2023,https://www.welcometothejungle.com/fr/companies/mawenzi-partners/jobs/consultant-strategie-data-sciences_paris
Applied,MP Data,Data Scientist,Chalon-sur-Saône,Welcome to the Jungle,Hybrid,31/10/2023,Offer,,,,,,,https://www.welcometothejungle.com/fr/companies/mp-data/jobs/data-scientist-it-systeme-de-supervision-bourgogne
Applied,Armée de l’air et de l’espace,Data Scientist,Mont-de-Marsan,LinkedIn,On-site,31/10/2023,Offer,,,,,,,https://www.linkedin.com/jobs/view/3750854198
Applied,CrowdStrike,AI,Romania,Carrer Site,Remote,01/11/2023,Offer,,,,,,,https://crowdstrike.wd5.myworkdayjobs.com/en-US/crowdstrikecareers/details/Applied-Machine-Learning-Engineer-II--EMEA--Remote-_R14854
Applied,,Data Scientist,Paris,Apec,,01/11/2023,Offer,,,,,,,https://www.apec.fr/candidat/recherche-emploi.html/emploi/detail-offre/172303503W
Applied,Illumo Robotics,Data Scientist,Toulouse,Apec,,01/11/2023,Offer,,,,,,,https://www.apec.fr/candidat/recherche-emploi.html/emploi/detail-offre/172300760W
Applied,Digimind,AI,Grenoble,Carrer Site,Hybrid,01/11/2023,Offer,,,,,,,https://digimind.hire.trakstar.com/jobs/fk0xmai
Applied,Valeo,AI,Tuam,Carrer Site,,01/11/2023,Offer,,,,,,,https://valeo.wd3.myworkdayjobs.com/fr-FR/valeo_jobs/job/Tuam/Deep-Learning-Engineer_REQ2023019669
Applied,Valeo,AI,Tuam,Carrer Site,,01/11/2023,Offer,,,,,,,https://valeo.wd3.myworkdayjobs.com/fr-FR/valeo_jobs/job/Tuam/Deep-Learning-Engineer_REQ2023019689-1
Applied,GCI,Data Engineer,Montpellier,Carrer Site,,01/11/2023,Offer,,,,,,,https://cgi.njoyn.com/corp/xweb/XWeb.asp?NTKN=c&clid=21001&Page=JobDetails&Jobid=J0923-0101&BRID=1076613&lang=2
Rejected,PwC,Data Analyst,Neuilly-sur-Seine,Carrer Site,,01/11/2023,Offer,,,,,,08/11/2023,https://www.pwc.com/gx/en/careers/experienced-job-search/description.html?wdjobreqid=473703WD
Turn down,MCA,DevOps Engineer,Nantes,LinkedIn,On-site,02/11/2023,Offer,02/11/2023,09/11/2023 16:30,,,,09/11/2023,https://www.linkedin.com/jobs/view/3737924718
Rejected,Crédit Mutuel,Data Scientist,Villeneuve-d'Ascq,Carrer Site,,02/11/2023,Offer,,,,,,04/11/2023,https://recrutement.creditmutuel.fr/fr/offre.html?annonce=82183
Applied,Crédit Mutuel,Data Engineer,Nantes,Carrer Site,,02/11/2023,Offer,,,,,,,https://recrutement.creditmutuel.fr/fr/offre.html?annonce=81608
Rejected,Crédit Mutuel,Data Analyst,Strasbourg,Carrer Site,,02/11/2023,Offer,,,,,,10/11/2023,https://recrutement.creditmutuel.fr/fr/offre.html?annonce=58037
Applied,Framatome,Data Scientist,Montbard,HelloWork,Hybrid,02/11/2023,Offer,,,,,,,https://www.hellowork.com/fr-fr/emplois/41688083.html
Applied,Envjoy,Data Scientist,Spain,LinkedIn,Remote,02/11/2023,Offer,,,,,,,https://www.linkedin.com/jobs/view/3752426687
Applied,Ceva,AI,Plouédern,LinkedIn,On-site,03/11/2023,Offer,,,,,,,https://www.linkedin.com/jobs/view/3745620816
Applied,Sapeins Group,Data Engineer,Lille,LinkedIn,On-site,03/11/2023,Offer,,,,,,,https://www.linkedin.com/jobs/view/3755215689
Rejected,Airbus,Data Engineer,Toulouse,Carrer Site,,03/11/2023,Offer,,,,,,13/11/2023,https://ag.wd3.myworkdayjobs.com/en-US/Airbus/job/Getafe-Area/AWS-Data-Engineer_JR10230738
Applied,Jems,Data Engineer,Nantes,Carrer Site,Hybrid,03/11/2023,Offer,,,,,,,https://jobs.jems-group.com/jobs/3323277-data-engineer-nantes-h-f
Rejected,Jems,Data Analyst,Nantes,Carrer Site,Hybrid,03/11/2023,Offer,,,,,,10/11/2023,https://jobs.jems-group.com/jobs/3283572-data-analyst-nantes-h-f
Rejected,Jems,Data Engineer,Lille,Carrer Site,Hybrid,03/11/2023,Offer,,,,,,07/11/2023,https://jobs.jems-group.com/jobs/3283567-data-engineer-lille-h-f
Applied,Jems,Data Engineer,Paris,Carrer Site,Hybrid,03/11/2023,Offer,,,,,,,https://jobs.jems-group.com/jobs/3259022-data-engineer-paris-ile-de-france-h-f
Rejected,Jems,Data Engineer,Rennes,Carrer Site,Hybrid,03/11/2023,Offer,,,,,,03/11/2023,https://jobs.jems-group.com/jobs/3248786-data-engineer-rennes-h-f
Applied,Jems,Data Engineer,Lyon,Carrer Site,Hybrid,03/11/2023,Offer,,,,,,,https://jobs.jems-group.com/jobs/3221165-data-engineer-lyon-h-f
Applied,Silent Eight,Data Scientist,Warsaw,LinkedIn,Remote,03/11/2023,Offer,,,,,,,https://www.linkedin.com/jobs/view/3754501425
Applied,Direction générale des Finances publiques,Data Scientist,Paris,LinkedIn,On-site,03/11/2023,Offer,,,,,,,https://www.linkedin.com/jobs/view/3756288323
Applied,fifty-five,Data Engineer,Paris,LinkedIn,Hybrid,03/11/2023,Offer,,,,,,,https://www.linkedin.com/jobs/view/3755250904
Applied,Ubiquity.AI,,Bordeaux,LinkedIn,On-site,03/11/2023,Offer,,,,,,,https://www.linkedin.com/jobs/view/3757127634
Applied,CNRS,Data Scientist,Annecy,Carrer Site,On-site,06/11/2023,Offer,,,,,,,https://emploi.cnrs.fr/Offres/CDD/UMR5814-LOUDAI-018/Default.asp
Rejected,AdWay,Data Scientist,Paris,LinkedIn,Hybrid,28/09/2023,Offer,28/09/2023,10/10/2023 17:00,,,,26/10/2023,https://www.linkedin.com/jobs/view/3669816488
Rejected,SOLUTEC,Data Scientist,Paris,Reach-out,,,,02/10/2023,06/10/2023 14:00,,,,12/10/2023,
Rejected,Micheal Page,Software Engineer,Courbevoie,Cadremploi,,27/09/2023,Offer,,,,,,28/09/2023,https://www.cadremploi.fr/emploi/detail_offre?offreId=156349132404997845
Rejected,Atos,Data Engineer,Genoble,Cadremploi,,27/09/2023,Offer,,,,,,28/09/2023,https://jobs.atos.net/job/Grenoble-Data-Engineer-(Confirm%C3%A9)-CDI-FH-38027/985079601/
Rejected,Databack,Software Engineer,La Roche-sur-Yon,LinkedIn,On-site,22/09/2023,Offer,26/09/2023,,,,,02/10/2023,https://www.linkedin.com/jobs/view/3725244357
Rejected,Sogeti,Data Scientist,Utrecht,Carrer Site,,13/09/2023,Offer,,,,,,15/09/2023,https://www.sogeti.nl/vacatures/ai-data-scientist